Country,2000,2001,2002,2003,2004,2005,2006,2007,2008,2009,2010,2011,2012,2013,2014,2015,2016,2017,2018,2019,2020,2021,2022
Algeria,2475.1,2709,2768.3,2708.6,3080.9,3225.4,3306.2,3879.1,4519.6,4908.8,5195,7434.9,7823.7,8450.9,9732.6,10182.1,10212.5,9671.8,9275.7,10006.9,9773.6,9112.5,8776.4
Libya,492.3,481.7,619,770.5,1006.1,991.1,872,820.7,1240.4,...,...,...,2691.3,3509.2,3246.9,...,...,...,...,...,...,...,...
Morocco,1390.8,2516.2,2394,2535.9,2464.7,2557.8,2582.2,2659.2,2966.1,3168,3390.4,3415.2,3660.8,4182.3,4146.9,3828.7,3852.1,3965.4,3993.1,4076.8,5225.6,5378.4,5368.3
Tunisia,388.2,403.5,399.5,415.7,423.2,455.3,480.2,443.1,481.8,496.8,515.5,614.9,621.1,683.8,817,974.7,1037.8,963.4,967.3,1189.6,1245.7,1250.5,1197
Angola,1876.3,1130.6,1158.9,1530.5,1456.8,2064,2424.4,2126.4,2878.6,2800.8,2997,2806.2,2945.1,4022.5,4292.5,2526.8,2018.7,1746.6,1440,1315.8,1151.8,981.5,980.5
Benin,29,26,47.9,52.2,56.9,57.7,57.7,...,62.5,...,...,...,76.2,80.7,87.8,102.5,90.7,128.2,94.1,75.4,75.8,97.4,104.1
Botswana,315.9,386.5,412,397.4,367.5,333.1,327.9,361.6,387,373,349.7,338.2,315.2,307.7,355.9,431.7,606,566.2,514.8,545.5,551.9,536.6,491
Burkina Faso,71.9,70.8,76,74.2,87.6,92.4,88.1,120.1,110.1,123.1,126.4,131.5,145.8,157.9,168.9,167.5,168.9,209.8,313.1,399.3,411.2,458.3,553.9
Burundi,78,103.4,99.1,100.7,97.9,93.8,78.3,78.7,65.6,...,...,...,70.4,72.6,70.7,72.4,72.5,62.4,68.1,91.9,70.9,68.4,89.3
Cameroon,252.9,251.9,272.9,292.8,311.4,307.5,334,350.3,363,367.9,393,356.9,383.4,402.9,404.7,415.5,452.2,466.7,462.3,467.4,417.3,443.3,447.9
Cape Verde,12.6,8.5,7.8,8.2,8.5,9.2,8.6,8.6,10.1,8.3,8.3,9,9.5,9.1,9.4,9.9,11.5,10.3,11.1,10.5,11.9,11.2,10.8
Central African Republic,...,...,28,31.6,29.5,29.1,...,30.5,43,50.1,74.1,67.5,59.3,60.2,42,34.4,33.1,32.2,33.3,45.7,48,55.5,44.3
Chad,46.3,52,61.6,62.4,74,75.2,277.2,487.1,648.4,751.5,670.8,620.2,...,718,381.7,246.4,348.9,248.2,260.4,257,332.4,331,382.9
"Congo, DR",64.6,...,...,104.1,172.5,202.4,219.7,207.4,149.2,160.7,252,288.3,366,408.9,370.2,529.5,452.5,357.4,307.6,355.5,367.3,306.1,346.1
"Congo, Republic",...,122.5,144.9,161.3,189.7,149.1,174,206.4,227,...,251.9,...,...,377.7,719.2,...,577,421.5,309.9,328.1,314.9,313.1,288.8
Cote d'Ivoire,...,...,...,317.7,335.1,320.9,332.2,361.7,362.4,430.7,411.9,344.8,420,418,504.8,651.8,686.5,561.8,642.1,603.6,655.7,637.7,647.1
Djibouti,46,45.2,57.4,70.7,61.3,71.4,76.1,50.6,47.5,...,...,...,...,...,...,...,...,...,...,...,...,...,...
Equatorial Guinea,...,...,...,...,...,...,...,265.5,347.1,444.2,...,...,...,...,165.6,160.6,161.1,154.9,158.7,164.4,168.3,162.8,167.7
Eritrea,1565.2,1158.5,1107.4,1081,...,...,...,...,...,...,...,...,...,...,...,...,...,...,...,...,...,...,...
Ethiopia,1518.5,964.8,801.8,682.9,740.7,743.4,671.5,615,491.7,486.5,492,474.1,443.1,444.2,484.6,496.7,545.4,568.9,573.8,544.1,510,487.8,915.4
Gabon,180.5,179.4,179.3,167.4,175,159,176.3,...,...,...,301.5,280.7,309.4,302.2,213.1,209.4,244.8,311.3,274.7,288.8,276.3,311.5,301.6
"Gambia, The",3.2,2.8,3,3.2,2.9,4,3.6,4.9,16,7.6,...,...,12.5,12.3,19,17.2,...,...,13.1,16,15.9,15.9,14.7
Ghana,82,48.4,56,68,63.2,62.9,67.2,103,90.2,104.8,99.6,185.1,284.6,209.7,280.4,224.3,169.5,193.7,219.8,250.1,255.4,298.3,273.8
Guinea,112.3,227,249.7,193.8,179.6,...,...,...,...,...,...,...,268,276,255.6,283.6,229.5,241.4,236.9,223.8,222.9,244.6,350.5
Guinea-Bissau,18.2,11.8,11.1,11.4,...,16,...,...,...,14,17.8,16.5,24.5,20.8,20.9,19.5,17.8,21,22,24.7,25.6,25.7,26.1
Kenya,646.8,744.4,801.2,808.9,798.2,841.9,832.8,932.5,889.9,908,962.7,983.8,1112.1,1097.9,998.1,1077.2,1158.9,1189.3,1220.2,1171.1,1158.5,1191,1149.1
Lesotho,49.1,51.6,39.5,37.2,34.7,35.4,37.2,40.5,29.5,48.8,60.7,47.2,46.1,46.5,49.4,51.9,53,57.9,53.6,48.8,45.6,37,35.5
Liberia,...,...,...,...,29.2,38.9,21.1,13.3,21,26.9,33,43.2,48.6,44,39.3,36.8,32.5,23.9,19.2,15.3,13.7,14.7,17.8
Madagascar,90.2,112.1,88.6,102.5,102,91.6,88.3,106.4,111.9,80.8,63.4,70.9,69.3,69,69,66,67.9,68.9,74.5,80.4,92.3,99.2,96.6
Malawi,13.6,14.6,15.7,16.2,27.2,44.5,36.5,37.6,45.9,56.3,47.5,48.5,55.6,87.1,64.5,51.1,51.9,64.2,70.4,94.4,102.2,92.6,76.2
Mali,83.3,83.8,83.4,95.3,103.7,108.7,117.8,122.4,135.7,141.1,148.8,151,143.4,144.3,202.9,339.2,406.1,501.6,495.5,524.5,640.4,652.9,536.3
Mauritania,68.1,95.2,68.2,108,111.1,94,110,...,127.6,128,...,...,152.2,150.2,146.7,139.8,154.4,161.2,172.1,174.9,216,230.9,217.2
Mauritius,14.8,14.9,15.3,15.7,14.8,15.1,14.8,14.4,16,17.2,15.7,16.1,15.5,21.3,17.5,17.1,22.1,21.3,20.7,20.1,18.6,19.7,20.1
Mozambique,73.1,83.4,86.3,85.4,93.5,71.9,64.5,72.5,75.4,83.3,107.3,99.7,111.6,129,144.5,138.8,152,153.6,211,227.1,325.4,310,247.8
Namibia,144.1,169.9,167.8,165.4,174.9,193.7,204.1,227.9,285.8,301.3,328.7,347.3,341.9,360.2,529.7,580.7,515.4,468.5,448.6,428.2,425.2,400.2,384.2
Niger,38.6,47.3,36.4,36.8,42.8,41.2,...,...,51.3,53.1,69.8,81,154.8,104.3,144.7,...,196,227.4,239.7,279.5,256.7,202.4,260.9
Nigeria,1124,1600.8,2416.5,1487.5,1449.1,1279.5,1333.6,1551.4,2175.5,2260.9,2654.5,2955.2,2603.3,2502.4,2275.3,2219.5,2143.3,2049.9,2418.4,2218.5,2856,4466.4,2771.4
Rwanda,85.8,87.5,82.7,77,67.2,65,71.6,66.3,69.9,71.5,72.8,73.6,72.3,74.3,84.4,99.1,105.2,109.9,117.6,123.7,142.9,167.8,170.2
Senegal,113.3,125.1,125.5,136.4,137,155.5,180.3,202.6,198.3,211.9,200.1,216.8,197.6,228.6,234.3,250.7,353.7,346.4,411.5,395,366.4,483.2,453.4
Seychelles,12.6,13,12.9,12.8,16.4,15,14.8,18,13.6,11.5,8.7,10.6,12.4,14.5,34,20,24.5,24.7,23.5,23.4,23.7,40.1,22.2
Sierra Leone,30,35.6,35.4,38.6,31.4,30.7,34.2,32.1,24.1,28.4,29.5,30.7,33.6,33.9,52,44,54,49,34,31,24.1,27.3,26.2
Somalia,...,...,...,...,...,...,...,...,...,...,...,...,...,...,...,...,...,...,...,...,...,...,...
South Africa,2545.3,2846,3118.5,3086.7,3195.4,3547.5,3596.4,3544.8,3518.6,3680.1,3561,3689.7,3856.1,3932.3,3936.5,3967.9,3865.7,3810.2,3651,3627.1,3767.1,3393.9,3107.9
South Sudan,xxx,xxx,xxx,xxx,xxx,xxx,2720.7,2494.2,3448.9,2460.7,2600.8,3712.7,2363.7,2350.1,3063.6,2460.3,717.9,309.5,434.7,267.3,142.5,213.2,322.1
Sudan,2005.2,1271.3,1491.4,1127.5,3202.9,2231.9,2625.1,3128.2,3773.8,3680,...,...,...,...,...,1747.4,1831.2,2377.1,1211,1095.4,668.9,375.2,...
Eswatini,41.4,38.9,39.7,46.2,51,66.8,66.4,67.6,75.8,82.4,91.6,89.4,78.9,83.4,83.9,84.9,99.5,91.7,95.7,91.9,89.3,83.2,78.5
Tanzania,181.8,211.3,206.7,187.6,191.4,206.5,225.6,236.4,240.4,267.7,346.6,373.1,378.9,437.7,487.7,566.8,620.3,623,655.4,662.5,703.6,759.5,806.8
Togo,...,...,...,46,45.8,44.9,...,...,58.3,57.3,61.1,58.4,65.6,71.8,82.3,80.8,93.8,101,111.9,191.4,177.4,198.8,358.5
Uganda,225.5,227.7,244.2,263,300.7,301.5,291.4,298.1,328.5,322.9,690.6,684.6,349.6,293.5,310.6,344.7,357.9,391.1,463.4,710.1,1048.4,1066.6,896.8
Zambia,...,...,...,...,139.4,156,170.5,193.1,192.4,181.6,201.8,212,235.9,254.6,313.3,335.1,273.1,265.9,305.3,266.8,237,217.6,248.9
Zimbabwe,106.9,140.9,507.5,159.7,98.3,73.7,68.2,...,...,...,54,105.4,163,179.8,185.9,194.9,188.3,174.7,195,190.1,65.9,261,175.7
Belize,10,10.4,10.7,11.4,12.2,13.3,14.6,16,20.5,19.1,16.8,16.6,16.2,18.9,20.9,20.8,22.8,23.9,24.2,25.2,26.9,25.2,22.2
Costa Rica,0,0,0,0,0,0,0,0,0,0,0,0,0,0,0,0,0,0,0,0,0,0,0
Cuba,...,...,...,...,...,...,...,...,...,...,...,...,...,...,...,...,...,...,...,...,...,...,...
Dominican Republic,330.9,389,360.4,268.7,237.7,294.4,284.1,284.1,326.3,320.5,344.3,327.6,369.5,362.5,418.5,449.3,473.8,525.6,589,619.1,630.6,581.6,672
El Salvador,177.3,233.2,245.8,188.4,182.4,180.9,185.9,207.2,202.8,220.3,230.5,240.7,240.5,252.7,246.1,262.5,260.8,272.1,303.9,327,355.8,351.6,393.7
Guatemala,469.7,552.4,409.2,444.1,265.5,212.6,248.2,244.2,264.7,248.4,271.9,287.6,316.9,339.1,317.4,315.4,345.5,302.4,296.2,355.3,356.6,341.8,405.4
Haiti,0,0,0,0,0,0,0,0,0,0,0,0,...,6.5,6.8,9.9,9.6,10.4,18,16.4,32.5,20.9,13
Honduras,109.3,124.7,124.2,157.3,112.6,110.6,126.9,150.6,186.7,209.5,217.2,239.7,249,344.7,345.9,401.9,419.7,457.7,431.8,448.5,375.3,438.1,449.5
Jamaica,66.8,71.1,85.8,89.6,83.2,80,95.3,105.5,142.6,138,122.4,129.6,129.1,124.4,120.1,124.6,141.4,148.7,209.9,265.3,238.5,217.6,203.2
Mexico,3454.1,3418,3303.9,3295.4,3174.8,3225.9,3025.3,4059.5,4036.7,4847.6,4616.8,5039.8,5335.5,5644,5896.1,5537.6,6192.2,5610.4,6274.7,6896.9,9011.7,8680.8,7837.7
Nicaragua,43.5,39.6,50.3,51.3,46.1,46.2,48.6,48.6,46,45.6,48.1,54.4,72.6,75.6,81.7,100.3,87.4,89.8,85,79.1,82.4,77.9,79
Panama,0,0,0,0,0,0,0,0,0,0,0,0,0,0,0,0,0,0,0,0,0,0,0
Trinidad and Tobago,...,35.6,47.9,80.4,174.5,210.4,230,230.7,228.3,213.7,201.2,196.5,208.4,248.4,209.2,212.8,230.7,214.9,174.9,180,176.4,209.3,195
Canada,14593.6,14980.5,15056.5,15333.7,15914,16613.9,17386.1,18955.4,20427.8,21360.7,19293.2,19945.2,18966,17531.8,17817.8,20471.1,20742.6,25056.3,24940.6,24678.9,25522.3,25362.2,26112.1
United States of America,503680.1,507770.8,570129.6,648901.6,707251,739826.2,750486.9,770512.7,826562.7,891604.5,917092.3,906233,855896.4,790061.9,741463.5,724625.9,722402.3,714959.1,736477.5,778326.9,814965.2,806230.2,811591.2
Argentina,2984.4,2939.9,2505.3,2580.5,2655.4,2789.3,2876,3111.1,3091.3,3331.7,3296.7,3249.5,3209.4,3596,3720.2,3684.2,3584.3,3945.4,3510.6,3194,3120.2,3073.4,2101.1
Bolivia,468.3,527.7,465.5,534.3,510.2,485.2,470.1,509.7,726.3,630.2,646.7,706.3,785.7,829.2,849.1,753.4,653,690.3,703.2,673.7,547.9,569.9,619.6
Brazil,13696.9,15864.8,16076.6,12825.2,13325.9,14418.6,14929.8,16101.1,17128.2,18676,20739.6,20089.1,20475.4,20586.8,20998.5,20511.8,19470.6,20739.8,22116,21162.3,20258.4,19187.1,17675.1
Chile,2880.8,2945.7,2931.5,3325.4,3769.8,3875.9,4416,4347.9,4615.1,4150.2,4669.5,4976.9,4671,4726.5,4796.2,4783.8,4941.4,5182,5170.9,5168.5,5762.2,6119.4,5738.8
Colombia,4338.1,4771.1,5009.7,5262.5,5617.1,5718.5,6046.5,6414.4,7582,7965.1,7904.4,7357.9,7875.8,8576,8457.8,8501.7,8382.3,8944.9,8791,9450.9,9755.4,10180.1,10295.3
Ecuador,722.8,757.9,886,1201.3,1123.4,1474,1420.9,1915.8,2220.6,2500.4,2594.2,2909.6,2921.9,3004.9,2954.5,2649.1,2519.5,2458.6,2550.9,2341.2,2359.4,2382.8,2411.3
Guyana,24,27.4,30.7,28.9,38.2,30.1,29.3,34.4,39.1,38.7,37.3,37.1,37.6,38.9,43.3,51.7,57.1,64.4,66.5,71.1,80.3,76.5,78.3
Paraguay,186.9,169.9,163.9,146.5,173.7,154.2,176.6,181.2,181.1,201.3,222.8,253.9,291,320,337.7,370.6,344.4,334.2,364.1,368.5,387.3,372.6,358.9
Peru,1447.6,1414.2,1314.2,1349.5,1321.5,1638.5,1712.4,1659.3,1654.6,2034.9,2216.3,2259.2,2534,2921.4,2889.5,3226.7,2529.2,2496.7,2459.5,2539.1,2511,2657.5,2588.7
Uruguay,860.8,854.1,787.3,685.1,661.8,670.4,700.8,669.4,755.7,772.9,843.1,819.8,894,938.5,968.4,982.2,1006.3,1063,1155.5,1115.6,1144.1,1258.3,1204.2
Venezuela,0.5,0.5,0.4,0.4,0.5,0.9,1.2,1.2,1.2,0.7,0.6,0.7,0.8,1,0.6,0.5,0.2,1.9,2.3,17.4,10.7,2,4.7
Australia,15737.7,16360.8,17064.3,17382,18098.7,18730.7,19731.6,20943.9,21707.6,23342.9,23614.4,23287.3,22471.2,22276,24176.7,26650.2,29183.2,29131,28435.4,29206.3,30633.8,32718.1,32824.2
Fiji,60.6,63.7,57.2,57.4,64.1,56.2,70.5,87.4,56.9,64.8,60.3,63.4,59.6,58.4,76.7,47.9,58.8,77.6,81.4,80.1,74.7,68.8,67.5
New Zealand,2096.1,2048.4,1970.8,1944,1821.2,1799.4,1991,2009.1,1948.7,2045.2,2082.7,2013.9,1958.6,1912.7,1908.3,1968.5,2171.6,2326.2,2540.5,3092.1,3183.3,2905.6,2968.4
Papua New Guinea,87.7,73.4,50.9,46.1,51.6,60.8,60.2,72.6,59.8,75.5,62.6,72.4,104.8,102.2,113.9,107.4,90.2,88.9,86.8,96.8,98.5,88.7,93.7
Afghanistan,...,...,...,...,190.2,171.3,173.2,266.6,232.4,261.5,279.6,275,206.1,190,231.8,185.3,183.6,180.5,197.2,236.3,273.4,278.3,...
Bangladesh,1688.2,1686.9,1636.5,1641.6,1672.7,1695.7,1825.2,1920.8,1897.7,2214,2666.1,2825.6,2972.4,2962.1,3166.1,3576.7,3930.9,3830.1,4217,4814.9,4896.1,4965.8,4970.8
India,30792.6,31865.1,31766.5,32475.7,37723.5,40146.3,40471.5,40960.4,46459.4,54698.7,54918.7,55423.4,55142.1,55178.6,57867.1,58416.9,64374.7,68909.5,71336.2,76372.3,76835.6,76348.5,80955.8
Nepal,115.8,149.7,199.3,222.2,265.3,293.4,276.1,265.7,280.2,314.2,329.7,340.8,323.3,354.4,400.5,384.6,408.6,470.2,461.3,446.6,458.8,450.7,433.7
Pakistan,4955,5300.7,5700.4,6091.5,6341.8,6600.6,6709.8,6756.5,6370,6564.6,6864.4,7236.1,7673.9,7937.3,8348.7,9068.9,9379.2,10382,11705.1,11553.6,11355,11836.4,11600.4
Sri Lanka,1558.6,1301.2,1076.5,968.1,1078.7,998.2,1152.6,1411.6,1616,1669.2,1555.7,1631.5,1472.8,1512.4,1773.4,1911.4,1667.9,1736.7,1592.1,1609.9,1499.2,1702.9,1169.9
China,45586.1,54052.9,62082.2,67187.9,74005.6,81267.8,93544.5,102829.8,112507.1,136520.5,143244.6,153775.4,169575.1,183362.6,197998.8,213542.4,225835.1,239724.3,253766.4,266129.3,278673.3,285930.5,297999
Japan,45779.8,46581.2,46813.2,46872.4,46685.2,46600.8,46006.9,45408.9,44971.9,45814.4,45978.4,46599.9,46034.9,45844.6,46335.4,47149.4,46869.3,46559.2,48903,50293.9,49862.8,50957.5,53946.5
"Korea, North",...,...,...,...,...,...,...,...,...,...,...,...,...,...,...,...,...,...,...,...,...,...,...
"Korea, South",22147.3,22780.7,23408.5,24204.3,25267.7,27327.7,28312.6,29594.9,31530.9,33513.3,33791.8,34254.8,35127,36191.1,37614.8,39076,40055.1,40791.9,42860.7,46313.5,48750.3,50873.8,49618.3
Mongolia,52.2,47.8,52.3,49.5,53.9,52.2,63.9,83.5,76.7,49.6,62,84.7,103.6,95.9,103.5,102.7,105.1,104.1,108.2,111.1,120.6,108.3,103.2
Taiwan,12047.2,11828.9,11439.7,11330.5,11350.3,10920.5,10476.6,11086,11288.1,12157.5,11490.5,11600,12008.6,11341,11275.2,11883.3,11679,11834.2,11578.9,12349.3,12711,12894,12944.1
Brunei,338.8,312,331.7,346.2,273,331,372.4,385.3,397.6,390.2,407.2,398.8,391.8,391.6,508.9,445.8,427.4,372.7,371,436.6,455.8,453.3,436.2
Cambodia,172.8,155,142.1,148.2,147.2,144.2,146.1,138.3,116.5,199.1,237.9,250.4,273.4,297.1,327.5,381.3,434.1,504.9,583.3,629,641.4,630.4,583.4
Indonesia,2364.8,2102.4,2541.3,3417.2,3820.5,3318.2,3369.4,4051.8,3764.5,3949.6,4638.5,5317.7,6105.7,8208.8,7232.5,8410.6,7849,9048.5,7955.4,8349,9719.9,8802.5,8915.4
Laos,35.6,34.4,31.7,27.8,26.3,25.7,25.8,25.8,23.9,20,20.1,22.5,23,23.7,...,...,...,...,...,...,...,...,...
Malaysia,2150.1,2675,3039.7,3871.8,3740.1,4000.7,3915,4371.4,4470.2,4219.9,3689.3,4135.7,3944.2,4297.6,4331.1,4663.3,4464.6,3751.6,3423.2,3306.5,3509.1,3675.5,3776.8
Myanmar,653,585.2,426.2,634.1,708.1,716.2,...,...,...,...,...,...,2969.2,3265,3288.3,3816.7,3650.5,3464.5,2356.7,2279.6,3220,3019.6,2783.3
Philippines,2534.5,2390.6,2516.7,2804.6,2642.6,2692.6,2784.2,3049.7,3050.1,2933.2,3081.2,3130.3,3178.5,3628.4,3366.1,3683.6,3792.5,4506.5,4786.8,4772.3,4915.4,5546.1,4166.5
Singapore,7623.1,7805.4,8229.1,8310.2,8467.3,8994.7,9075.8,9425.8,9490.2,9806.9,9618.2,9275.7,9059.3,9029.9,9293.8,9912.5,10539.2,10819.8,10914.8,10789.1,10296.4,11054.8,11367.3
Thailand,3473,3471.1,3503.3,3467,3228.7,3282.8,3636,4674.7,5423.1,6049.6,5598.6,5765.7,5683.7,5908.2,5951.1,6326.6,6680.7,6887,7033.6,7176.2,7210.8,6618.1,5907.9
Timor Leste,xxx,xxx,...,...,...,16.9,33.7,42.4,38.8,59.4,40.2,27.6,40.1,34.3,31.8,39.4,28.4,27.4,21.7,35.9,39.9,39.2,41.4
Viet Nam,...,...,...,1923.4,1969.5,2054.9,2418.9,3116.4,3069.7,3382.8,3759.6,3509.3,4086.6,4273.3,4735.8,5176.7,5602.4,5585.8,6016.6,...,...,...,...
Kazakhstan,238.3,350.4,384,454.6,519.4,654.7,765.5,1150.9,1092.8,1030.6,1132,1247.8,1457.5,1645.9,1642.6,...,1426.4,1369.6,1475.2,1926.1,1628.8,1617.8,1079.5
Kyrgyz Republic,55,44.9,49.8,56.5,60.6,59.6,65.7,59.7,56.4,68.1,77.7,74.8,92.3,98.7,109.3,112.8,120.4,120.7,124.4,126.5,133.4,133.3,131.2
Tajikistan,14.5,14.4,30.7,39.7,46.6,...,...,...,39,40,45,55.9,58,...,74.2,84.6,85.2,79,83.2,83.2,79.1,81.7,93
Turkmenistan,...,...,...,...,...,...,...,...,...,...,...,...,...,...,...,...,...,...,...,...,...,...,...
Uzbekistan,47.9,41.3,35.1,37.2,...,...,...,...,...,...,...,...,...,...,...,...,...,...,1580.5,...,...,...,...
Albania,104.8,119.1,119,133.6,146.1,151.3,185.8,230,270.9,214.4,230.4,229.1,223.9,210.8,204.9,178.4,171.7,178.2,192.9,217,210.4,222.8,296.6
Bosnia and Herzegovina,...,...,394.1,274.3,246,205.3,197.4,194.9,202.8,223.1,208.1,184.2,181.9,176.5,171.7,176.8,175.4,168.9,175.1,176.5,177.4,209.7,187.7
Bulgaria,966.2,1070.1,1079.7,1098.4,1026.4,1050.1,1039.5,1215.9,1187.8,947.5,893.7,743.2,744.2,802.8,750.3,760.6,814.9,844.9,1043,2394.8,1199.2,1275.2,1336.5
Croatia,1276.2,1182.3,1279,1035.1,940.4,981.3,991.8,1020.7,1171.9,1067.8,989.5,1024.2,936.2,894.6,1003.9,999.4,950.5,1009.8,986.5,1070.2,1044.9,1361.2,1341.2
Czechia,3302.3,3176.9,3391.1,3682.7,3535.8,3865.8,3571.1,3446.4,2938.3,3025.2,2744.4,2471.5,2375.8,2265.6,2254.4,2343.4,2540.2,2537,2991.6,3296.1,3614.7,3935.6,3707.1
Czechoslovakia,xxx,xxx,xxx,xxx,xxx,xxx,xxx,xxx,xxx,xxx,xxx,xxx,xxx,xxx,xxx,xxx,xxx,xxx,xxx,xxx,xxx,xxx,xxx
Estonia,192.3,224.4,268,309.8,326.7,312.9,343,464.5,454.7,394,377.2,401.4,469,484.4,518.5,564.3,606.6,624.4,656.6,701.1,779.7,748.6,753.5
German Democratic Republic,xxx,xxx,xxx,xxx,xxx,xxx,xxx,xxx,xxx,xxx,xxx,xxx,xxx,xxx,xxx,xxx,xxx,xxx,xxx,xxx,xxx,xxx,xxx
Hungary,1520.5,1670.1,1823.8,1968.5,1822.7,1804.4,1616.8,1646.8,1530.5,1364.2,1223.8,1240.7,1181,1116.7,1100,1237.3,1413.5,1784.4,1615.5,2279.9,2954.3,3060.1,2774
Kosovo,xxx,xxx,xxx,xxx,xxx,xxx,xxx,xxx,0.9,29.3,42.1,49.4,44.4,47.3,51.9,58.3,60.6,64.9,67.5,71.9,84.7,79.6,108
Latvia,146,183.3,299.6,345.7,373.1,434.2,545.8,595,583,370.3,280.3,290.1,266.7,286.3,297,339,488.6,554.8,756.3,756.4,795.1,823.1,819.5
Lithuania,324.2,380.2,379,370.7,427.6,466.2,516,562.5,580.1,437.6,365.3,352.7,353.2,365.5,439.5,585.5,784.7,953,1147.5,1224,1275.1,1306.8,1656.1
North Macedonia,132.3,420.6,182.7,166.6,177.7,165.6,157.6,182.3,167.3,163.2,138.8,129.5,122.3,122.2,120.4,116.2,121.1,114.5,127.2,162.6,166.2,205.6,230.9
Montenegro,xxx,xxx,xxx,xxx,xxx,83.9,82.8,74.9,85.3,78.4,80,77.8,69,62.5,65.7,65.2,71.1,72.9,77.4,79.8,88.1,91.1,97.7
Poland,5775.4,5956.1,6058.4,6303.9,6603,7053.1,7497.8,8469.8,7703.8,8126,8513.9,8632.9,8708.4,8637.8,9610,11436.5,10803,11047.1,12512.8,12723.5,14189.8,15112.5,16818.9
Romania,2039.2,2138.6,2127.1,2194.1,2359.5,2495.2,2572.2,2466.7,2718.5,2311.6,2128.9,2202.3,2142.4,2305.6,2519.5,2906.5,3066.6,4161,4627.8,5065.8,5418.7,5300,5161.1
Serbia,1657.4,1319.7,1459.7,1279.1,1181.8,990.4,999.3,1126.8,1093.3,1074.9,1042.9,1001.6,968.3,937.8,947,911.4,903.9,970.3,891.2,1282.4,1216.2,1270.8,1443.5
Slovakia,1147.2,1292.1,1311.8,1391.3,1292.5,1400.6,1420.7,1437.1,1472.8,1407.4,1232,1057.2,1057.7,957.7,988.6,1172.6,1202.6,1223.6,1401.7,2002,2190.8,2064.8,2003
Slovenia,415.4,510.2,565.8,589.2,625,637.1,729.9,734.2,777.5,783.1,779.8,629.2,541.8,480.3,460.3,456.3,513.1,526,549.2,616.4,600.2,762.8,758.9
Armenia,157.1,152.5,150.8,173.7,191.7,234.5,277,324.7,376.8,392.8,410.4,376.1,385.1,433.5,440.2,476.5,468.5,479.5,541.3,674.3,655.1,619.4,634.3
Azerbaijan,221.5,250.5,269.7,336.4,407.8,477.2,980.3,1531.6,2061,1820.6,1723.9,3280,3402.8,3442,3454.7,3671.4,1702.8,1787.4,1880.4,2032.1,2386.6,2703.2,2664.8
Belarus,177.3,220.9,229.7,232.2,281,365.7,474.9,518.2,531.1,470.2,529,568,638.3,683.1,693.7,675.7,636,610.9,695,736.3,744.2,762.8,792.2
Georgia,32.4,41.2,58.9,71.6,99.9,265.4,450.9,892.8,847.5,516.9,387.4,348.6,361.6,328.9,318.6,283.7,304.9,309.4,317.8,313.4,302.9,300.5,292.7
Moldova,16.4,18.1,21.2,23.1,20.6,24,30.5,34.6,42.6,30.8,23.5,26,26.6,29.6,32.4,33.1,39.3,38.5,41.1,46.6,46.3,52.3,40.1
Russia,22839.8,24683,27343.6,28670.8,29967.1,34054.9,37693.6,41029.6,45082.3,47299.8,48261.4,51506.4,59677.9,62586.2,67075.1,72293.5,77501.7,62801.2,60435,63143.9,64627.4,65907.7,71981.1
Ukraine,1271.1,1194.1,1382.1,1666,1823.8,2424.9,2720.4,3306.6,3234.8,2311.7,2400.5,2159.1,2440.2,2497.7,3431.3,4187.4,4278.8,4276.2,5087.4,5811.1,6455.9,5942.8,43983.2
Austria,3680.4,3429.3,3369.1,3508.6,3514.8,3439.3,3303.5,3928.6,3807.2,3555.1,3534.7,3454.3,3408.7,3276.4,3303.1,3158.4,3399.1,3569,3590.8,3671.9,4094.3,4196.4,3783.9
Belgium,6079.3,5812.1,5635.7,5696.9,5578.3,5375.1,5333.3,5754.9,6274,5909.3,5659.8,5461.2,5400.3,5262.6,5177.3,4985.2,4964.8,4968,5076.5,5190.1,5651.4,6239.4,7045
Cyprus,476,562,384.2,371.9,386.4,419.8,413.1,391.6,392.9,428.9,445,412.3,376.4,339.6,320.3,358.6,328.7,389.9,460.5,498.5,513.8,541.8,514.6
Denmark,4249.7,4512.9,4458.9,4328.5,4353.4,4147.8,4533.8,4373.3,4541.2,4270,4546.2,4237.4,4369.8,4008.1,3832,3792,4042.7,4124.3,4718,4868.3,5177.2,5273.7,5737.7
Finland,2674.8,2548.8,2599.1,3300,3499.4,3600.1,3665.1,3453.1,3722.5,3907.8,3821.3,3882.5,3930.1,3954.9,3751.8,3835.9,3851,3785,3895,3935.5,4101.8,3752.4,5089.5
France,48554.4,48404.7,49399.2,50889.3,52278.6,51207.1,51443,51423.6,51049.9,54826.9,52227.9,50674.7,49896.3,49573,50435.8,51815.5,53824.5,54532.6,53187.3,54066,55623.2,56647,56999.7
Germany,46431.4,45668.2,45792.4,45166.6,43783,36489.5,42138.7,42203.2,43201,44837.1,44946.2,44035,45293.3,43618.9,43670.6,44420.5,46348.1,47677.5,48993.2,53742.5,57056.1,56513.1,57807.7
Greece,8170.2,7990.3,7838,6714.9,7382.7,7983.2,8300.4,8293.8,9220,9666.8,7428.6,5981,5289.9,4939.7,4899.5,5195.8,5412.3,5408,5780.5,5683.9,6063,8299.9,8347.5
Iceland,0,0,0,0,0,0,0,0,0,0,0,0,0,0,0,0,0,0,0,0,0,0,0
Ireland,1237.3,1342.5,1289.3,1236,1254.9,1271.1,1260.5,1269.7,1315,1298.3,1237.1,1172.8,1110.7,1104.7,1100.7,1103.9,1112.1,1118,1142.3,1199.1,1215.3,1267.7,1207.7
Italy,35579,34994.7,35951.2,36243.6,36362.3,34983.6,33850.2,32884.3,34245.8,33123.3,32177.5,31511.2,29127.8,28012.3,25859.7,24761.9,28051.2,28857.2,29145.6,28348.7,34803.7,36249.3,34627.5
Luxembourg,220.7,276.8,247,261.3,274.5,277.7,271.9,282,210.8,208.6,263.1,227.2,221.3,229.3,245.9,289.9,273.6,363.7,374.4,416.8,452.3,403.3,585.7
Malta,45,48,47.4,48.9,51.6,65.2,52.9,53,54.3,59.2,60.8,53.5,50.5,52.1,54.6,59.2,67.9,71.1,69.6,86.6,90.9,88,92.4
Netherlands,11273.7,11570.7,11558.1,11725.1,11810.2,11831,12389.6,12556.6,12339.6,12605.9,12075.2,11669.4,10965.4,10213.5,10227.7,10202.9,10725.9,10960.3,11884.8,13181,13939.5,13941.6,15670.8
Norway,4605.8,4636.1,5571.2,5356.3,5492.1,5167.2,5157.2,5486.7,5517.4,5853.8,5762.3,5871,5977.9,6116.8,6381.8,6335.4,6575.2,7256.8,7645.4,8089.3,8195.6,8435.1,8960.3
Portugal,3047.6,3170.9,3257.4,3164.7,3385.3,3647.7,3519.6,3304.1,3377.9,3614.6,3540.7,3357.2,2942,3046.8,2814.1,2950.1,3535,2941.3,3304,3528.8,3433.4,3896.6,3647.6
Spain,19804.5,19584.7,18153.8,18424.4,19258.6,19498.4,20136.9,20884.9,20770,19938.9,20068.3,18513.1,18722.9,16334.2,16310.2,17337,16076,17791.3,18478.9,18658.1,18644.7,19544.5,20979.2
Sweden,6733,6388.6,6218.7,6173.4,5809.8,5885.4,5793.7,5945.6,5288.2,5186.2,5612.6,5277.3,5387.6,5419,5741.2,5802.9,5879.5,5879.2,6073.3,6610.1,6879.1,7582.6,8491.5
Switzerland,5605.4,5474.2,5239.8,5103.4,5008.7,4930.3,4693.1,4722.6,4837.4,4832.3,4667.6,4792.5,4704.6,5108,4627.9,4819.9,5013.4,5043.2,5079,5453.4,6602.6,6214,6241.2
United Kingdom,54375,56528.5,59889.1,64153.2,64949.3,65556.5,65857.2,67650.2,70611.9,71743.3,70537.4,68152.7,66260.3,63837.8,62696.4,60286.3,60076.1,60185.9,60638.9,63157.8,64161.1,67500.7,69998.7
Bahrain,496.2,520.9,624.4,714,719.2,676.5,741.9,804,870.2,973.8,971.9,1196.6,1332,1469.9,1567.6,1504.6,1528.1,1534.4,1498.1,1512.4,1396.3,1381.4,1334.6
Egypt,4112.4,4963,5603.4,5725.6,5417,5406.4,5531.9,5571.1,5188.3,5035.7,5034.4,4889,4757.1,4715.8,5147.8,5457.5,5141.6,4338.5,4262.8,4425.4,4775.9,5165.4,5236.5
Iran,2525.2,2811.1,3025.8,3531.6,4563.7,5426.8,6498,5975.3,5748.6,6014.7,6120.2,5282.2,5499.4,4428.7,4415.7,4695.1,5390.1,6064.6,5130.7,4213.1,4246.7,5392,5639.7
Iraq,...,...,...,...,1837,2479.6,1779.9,2724.1,3600.9,3432.3,3867.8,4167.8,3789.8,6987.9,6082.6,8331.1,5214.8,6477.1,5502.4,6669,4954.2,4771,4434.3
Israel,14216.2,14811.9,14817.7,14573.7,15060.5,15432.8,15667,17567.1,17790.4,17429.5,17552.1,17665.4,18006.9,18570.1,19990.9,20278,21351.3,22265.2,22535.7,22671.4,23611,24341,23308.2
Jordan,1004.1,985.8,955.2,1101.9,1022.3,1016.3,1111.6,1561.8,1804.7,2100.1,1989.7,1955.5,1727.9,1617.1,1684.6,1772,1956.8,2076.1,2005.9,2066.3,2083.6,2176.8,2238.3
Kuwait,5253.6,5163.2,5328,5741.9,6180.1,5981,5912.6,6280.3,5782.4,5621.6,5518.5,6305.9,6824.1,6456.6,6443.9,6490.4,7097.6,7320.3,7682.5,7863.8,7321.8,9024.3,8042.6
Lebanon,9508.6,9836.3,9151.1,9195.1,9349.3,9495.4,9428.4,10347.5,9482.2,11427.2,12216.1,11939.5,12102.2,12718.5,14643.7,15008.7,17612.2,16003.4,17155.1,15116.3,6211.8,1914.5,1639.8
Oman,2410,2803.7,2886.5,3035.3,3416.8,4116.8,4387.6,4450.3,4226.2,3972.4,4194.3,5491,9866.8,9253.5,8582.2,7866.6,8195.9,6915,7623.1,6592.2,6190,5783.6,5608.8
Qatar,...,...,1413.7,1425.3,1313.7,1387.3,1489.6,1919.4,2474.9,2187,2159,...,...,...,...,...,...,...,...,...,...,11593.4,14752
Saudi Arabia,32860.6,35001.7,30722.9,30941.3,34334,41461.5,47230.6,54403.8,53395.8,54873.5,57112.7,57888.4,65513.7,75063.3,88476.4,94375.2,67526.2,75291.7,77882.1,69685.9,66536,63194.7,73041.5
Syria,...,...,...,...,...,...,...,...,...,...,...,...,...,...,...,...,...,...,...,...,...,...,...
T?rkiye,10801.8,9902.2,10535.9,9798,9105.3,8775.9,9186.4,8857.7,8985.2,9614.3,9444.2,9525.2,9759,10022.3,10095.4,10388.2,12179.5,13072.5,16592.6,17638.4,16603.2,15567.4,11515.6
United Arab Emirates,11628.2,11161.6,10014.9,10583.7,11771.9,10739.3,10661.9,11329,13800.6,16247.8,20376.5,22134.6,21808.2,26714.9,25209.6,...,...,...,...,...,...,...,...
"Yemen, North",xxx,xxx,xxx,xxx,xxx,xxx,xxx,xxx,xxx,xxx,xxx,xxx,xxx,xxx,xxx,xxx,xxx,xxx,xxx,xxx,xxx,xxx,xxx
Yemen,4785.8,5085.9,6441.4,6646.6,5420.7,5572.2,5213.7,6233.6,5991.4,6854.1,6802.6,6168.3,5650.8,5199.4,5002.4,...,...,...,...,...,...,...,...
